{"cameraMode":{"drawMode":0,"name":"Shaded","section":"Shading Mode"},"sceneLighting":false,"audioPlay":false,"sceneViewState":{"showFog":true,"showMaterialUpdate":false,"showSkybox":false,"showFlares":true,"showImageEffects":true,"showParticleSystems":true},"in2DMode":false,"pivot":{"x":7.20139217376709,"y":3.2705445289611818,"z":5.540597915649414},"rotation":{"x":-0.1752966344356537,"y":0.7639747858047485,"z":-0.23256009817123414,"w":-0.5758315324783325},"size":2.8578836917877199,"orthographic":false}